"","Region","Subregion","Country","Rate","Count","Year"
"1","Africa","Eastern Africa","Burundi","3.5","304","2010"
"2","Africa","Eastern Africa","Kenya","33.49","14078","2010"
"3","Africa","Eastern Africa","Madagascar","16.309999999999999","3450","2010"
"4","Africa","Eastern Africa","Mauritius","19.07","238","2010"
"5","Africa","Eastern Africa","Mozambique",NA,NA,"2010"
"6","Africa","Eastern Africa","Rwanda","19.96","2004","2010"
"7","Africa","Eastern Africa","Uganda","70.86","22979","2010"
"8","Africa","Eastern Africa","United Republic of Tanzania",NA,NA,"2010"
"9","Africa","Eastern Africa","Zimbabwe",NA,NA,"2010"
"10","Africa","Middle Africa","Cameroon","24.17","4917","2010"
"11","Africa","Middle Africa","Sao Tome and Principe","0","0","2010"
"12","Africa","Northern Africa","Algeria","115.02","41381","2010"
"13","Africa","Northern Africa","Egypt","0.19","156","2010"
"14","Africa","Northern Africa","Morocco",NA,NA,"2010"
"15","Africa","Southern Africa","Botswana","878.56","17457","2010"
"16","Africa","Southern Africa","Eswatini",NA,NA,"2010"
"17","Africa","Southern Africa","Lesotho",NA,NA,"2010"
"18","Africa","Southern Africa","South Africa",NA,NA,"2010"
"19","Africa","Western Africa","Benin",NA,NA,"2010"
"20","Africa","Western Africa","Cabo Verde","829.61","4090","2010"
"21","Africa","Western Africa","Cote d'Ivoire",NA,NA,"2010"
"22","Africa","Western Africa","Guinea",NA,NA,"2010"
"23","Africa","Western Africa","Guinea-Bissau",NA,NA,"2010"
"24","Africa","Western Africa","Nigeria","11.41","18093","2010"
"25","Africa","Western Africa","Senegal","2.41","305","2010"
"26","Africa","Western Africa","Sierra Leone",NA,NA,"2010"
"27","Americas","Caribbean","Bahamas","862.82","3063","2010"
"28","Americas","Caribbean","Barbados","535.82000000000005","1511","2010"
"29","Americas","Caribbean","Dominica",NA,NA,"2010"
"30","Americas","Caribbean","Dominican Republic",NA,NA,"2010"
"31","Americas","Caribbean","Grenada","1086.79","1152","2010"
"32","Americas","Caribbean","Jamaica","50.07","1407","2010"
"33","Americas","Caribbean","Puerto Rico","75.81","2714","2010"
"34","Americas","Caribbean","St. Kitts and Nevis","316.33","155","2010"
"35","Americas","Caribbean","St. Vincent and the Grenadines","1212.04","1309","2010"
"36","Americas","Caribbean","Trinidad and Tobago","46.39","616","2010"
"37","Americas","Central America","Belize",NA,NA,"2010"
"38","Americas","Central America","Costa Rica","173.76","7953","2010"
"39","Americas","Central America","El Salvador","62.92","3891","2010"
"40","Americas","Central America","Guatemala","50.94","7452","2010"
"41","Americas","Central America","Honduras",NA,NA,"2010"
"42","Americas","Central America","Mexico","202.19","230687","2010"
"43","Americas","Central America","Nicaragua","314.99","18345","2010"
"44","Americas","Central America","Panama","166.35","6060","2010"
"45","Americas","Northern America","Bermuda","949.23","617","2010"
"46","Americas","Northern America","Canada","162.34","55436","2010"
"47","Americas","Northern America","United States of America","253.01","781844","2010"
"48","Americas","South America","Argentina",NA,NA,"2010"
"49","Americas","South America","Bolivia (Plurinational State of)","84.1","8451","2010"
"50","Americas","South America","Brazil","365.69","715702","2010"
"51","Americas","South America","Chile","130.44999999999999","22259","2010"
"52","Americas","South America","Colombia","117.51","53140","2010"
"53","Americas","South America","Ecuador","30.01","4505","2010"
"54","Americas","South America","Guyana","1492.92","11182","2010"
"55","Americas","South America","Paraguay","31.16","1947","2010"
"56","Americas","South America","Peru","65.64","19053","2010"
"57","Americas","South America","Suriname",NA,NA,"2010"
"58","Americas","South America","Uruguay","15.45","519","2010"
"59","Asia","Central Asia","Kazakhstan","9.7899999999999991","1591","2010"
"60","Asia","Central Asia","Kyrgyzstan","9.89","536","2010"
"61","Asia","Central Asia","Tajikistan","72.94","5490","2010"
"62","Asia","Central Asia","Turkmenistan",NA,NA,"2010"
"63","Asia","Central Asia","Uzbekistan",NA,NA,"2010"
"64","Asia","Eastern Asia","Hong Kong Special Administrative Region of China","109.13","7602","2010"
"65","Asia","Eastern Asia","Japan","20.73","26647","2010"
"66","Asia","Eastern Asia","Macao Special Administrative Region of China","341.26","1836","2010"
"67","Asia","Eastern Asia","Mongolia","214.01","5821","2010"
"68","Asia","Eastern Asia","Republic of Korea","590.04999999999995","292347","2010"
"69","Asia","South-Eastern Asia","Brunei Darussalam",NA,NA,"2010"
"70","Asia","South-Eastern Asia","Indonesia","13.22","31960","2010"
"71","Asia","South-Eastern Asia","Malaysia",NA,NA,"2010"
"72","Asia","South-Eastern Asia","Myanmar","5.3","2681","2010"
"73","Asia","South-Eastern Asia","Singapore","8.36","429","2010"
"74","Asia","South-Eastern Asia","Thailand","13.56","9112","2010"
"75","Asia","Southern Asia","Bangladesh",NA,NA,"2010"
"76","Asia","Southern Asia","Bhutan",NA,NA,"2010"
"77","Asia","Southern Asia","India","23.42","289022","2010"
"78","Asia","Southern Asia","Maldives","403.83","1478","2010"
"79","Asia","Southern Asia","Nepal",NA,NA,"2010"
"80","Asia","Southern Asia","Pakistan","19.829999999999998","35573","2010"
"81","Asia","Southern Asia","Sri Lanka","318.89999999999998","64616","2010"
"82","Asia","Western Asia","Armenia","5.39","155","2010"
"83","Asia","Western Asia","Azerbaijan","1.9","172","2010"
"84","Asia","Western Asia","Bahrain",NA,NA,"2010"
"85","Asia","Western Asia","Cyprus","15.54","173","2010"
"86","Asia","Western Asia","Georgia","3.07","126","2010"
"87","Asia","Western Asia","Israel","626.29","46007","2010"
"88","Asia","Western Asia","Jordan",NA,NA,"2010"
"89","Asia","Western Asia","Kuwait",NA,NA,"2010"
"90","Asia","Western Asia","Lebanon","191.72","9496","2010"
"91","Asia","Western Asia","Oman",NA,NA,"2010"
"92","Asia","Western Asia","Qatar",NA,NA,"2010"
"93","Asia","Western Asia","Saudi Arabia",NA,NA,"2010"
"94","Asia","Western Asia","State of Palestine","7.05","286","2010"
"95","Asia","Western Asia","Syrian Arab Republic",NA,NA,"2010"
"96","Asia","Western Asia","Turkey","305.39","220882","2010"
"97","Asia","Western Asia","United Arab Emirates",NA,NA,"2010"
"98","Asia","Western Asia","Yemen",NA,NA,"2010"
"99","Europe","Eastern Europe","Belarus","12.29","1158","2010"
"100","Europe","Eastern Europe","Bulgaria","40.92","3038","2010"
"101","Europe","Eastern Europe","Czech Republic","171.52","18073","2010"
"102","Europe","Eastern Europe","Hungary","146.76","14569","2010"
"103","Europe","Eastern Europe","Poland","28.73","11011","2010"
"104","Europe","Eastern Europe","Republic of Moldova","10.18","416","2010"
"105","Europe","Eastern Europe","Romania","60.09","12301","2010"
"106","Europe","Eastern Europe","Russian Federation","21.19","30403","2010"
"107","Europe","Eastern Europe","Slovakia","44.89","2426","2010"
"108","Europe","Eastern Europe","Ukraine","8.8000000000000007","4029","2010"
"109","Europe","Northern Europe","Denmark","31.56","1753","2010"
"110","Europe","Northern Europe","Estonia","7.73","103","2010"
"111","Europe","Northern Europe","Finland","37.200000000000003","1996","2010"
"112","Europe","Northern Europe","Iceland","17.809999999999999","57","2010"
"113","Europe","Northern Europe","Ireland","330.22","15038","2010"
"114","Europe","Northern Europe","Latvia","57.86","1226","2010"
"115","Europe","Northern Europe","Lithuania","7.84","245","2010"
"116","Europe","Northern Europe","Norway","59.86","2925","2010"
"117","Europe","Northern Europe","Sweden","59.57","5594","2010"
"118","Europe","Southern Europe","Albania","6.04","178","2010"
"119","Europe","Southern Europe","Andorra","116.67","98","2010"
"120","Europe","Southern Europe","Bosnia and Herzegovina","13.63","505","2010"
"121","Europe","Southern Europe","Croatia","22.78","986","2010"
"122","Europe","Southern Europe","Greece","10.11","1101","2010"
"123","Europe","Southern Europe","Holy See","0","0","2010"
"124","Europe","Southern Europe","Italy","109.34","64866","2010"
"125","Europe","Southern Europe","Malta","43.48","180","2010"
"126","Europe","Southern Europe","Montenegro","30.93","193","2010"
"127","Europe","Southern Europe","North Macedonia","11.97","248","2010"
"128","Europe","Southern Europe","Portugal","8.14","863","2010"
"129","Europe","Southern Europe","Serbia","15.47","1391","2010"
"130","Europe","Southern Europe","Slovenia","106.8","2182","2010"
"131","Europe","Southern Europe","Spain","53.43","25077","2010"
"132","Europe","Western Europe","Austria","42.88","3606","2010"
"133","Europe","Western Europe","Belgium","710.83","77758","2010"
"134","Europe","Western Europe","France","368.81","231909","2010"
"135","Europe","Western Europe","Germany","176.8","142903","2010"
"136","Europe","Western Europe","Liechtenstein","213.89","77","2010"
"137","Europe","Western Europe","Luxembourg","487.2","2475","2010"
"138","Europe","Western Europe","Monaco",NA,NA,"2010"
"139","Europe","Western Europe","Netherlands","361.33","60280","2010"
"140","Europe","Western Europe","Switzerland","6.24","487","2010"
"141","Oceania","Australia and New Zealand","Australia","309.93","68665","2010"
"142","Oceania","Australia and New Zealand","New Zealand","257.67","11260","2010"
"143","Oceania","Melanesia","Solomon Islands",NA,NA,"2010"
"144","Africa","Eastern Africa","Burundi","5.57","499","2011"
"145","Africa","Eastern Africa","Kenya","33.270000000000003","14366","2011"
"146","Africa","Eastern Africa","Madagascar","15.79","3434","2011"
"147","Africa","Eastern Africa","Mauritius","18.39","230","2011"
"148","Africa","Eastern Africa","Mozambique",NA,NA,"2011"
"149","Africa","Eastern Africa","Rwanda","24.54","2526","2011"
"150","Africa","Eastern Africa","Uganda","56.82","19023","2011"
"151","Africa","Eastern Africa","United Republic of Tanzania",NA,NA,"2011"
"152","Africa","Eastern Africa","Zimbabwe",NA,NA,"2011"
"153","Africa","Middle Africa","Cameroon","25.26","5281","2011"
"154","Africa","Middle Africa","Sao Tome and Principe","2.16","4","2011"
"155","Africa","Northern Africa","Algeria","124.24","45548","2011"
"156","Africa","Northern Africa","Egypt","0.4","339","2011"
"157","Africa","Northern Africa","Morocco",NA,NA,"2011"
"158","Africa","Southern Africa","Botswana","798.91","16098","2011"
"159","Africa","Southern Africa","Eswatini",NA,NA,"2011"
"160","Africa","Southern Africa","Lesotho",NA,NA,"2011"
"161","Africa","Southern Africa","South Africa",NA,NA,"2011"
"162","Africa","Western Africa","Benin",NA,NA,"2011"
"163","Africa","Western Africa","Cabo Verde","807.62","4030","2011"
"164","Africa","Western Africa","Cote d'Ivoire",NA,NA,"2011"
"165","Africa","Western Africa","Guinea",NA,NA,"2011"
"166","Africa","Western Africa","Guinea-Bissau",NA,NA,"2011"
"167","Africa","Western Africa","Nigeria",NA,NA,"2011"
"168","Africa","Western Africa","Senegal",NA,NA,"2011"
"169","Africa","Western Africa","Sierra Leone",NA,NA,"2011"
"170","Americas","Caribbean","Bahamas","907.78","3268","2011"
"171","Americas","Caribbean","Barbados","463.6","1312","2011"
"172","Americas","Caribbean","Dominica",NA,NA,"2011"
"173","Americas","Caribbean","Dominican Republic",NA,NA,"2011"
"174","Americas","Caribbean","Grenada","1155.1400000000001","1236","2011"
"175","Americas","Caribbean","Jamaica",NA,NA,"2011"
"176","Americas","Caribbean","Puerto Rico","81.290000000000006","2894","2011"
"177","Americas","Caribbean","St. Kitts and Nevis","279.58999999999997","137","2011"
"178","Americas","Caribbean","St. Vincent and the Grenadines","1152.78","1245","2011"
"179","Americas","Caribbean","Trinidad and Tobago","40.04","535","2011"
"180","Americas","Central America","Belize",NA,NA,"2011"
"181","Americas","Central America","Costa Rica","158.88","7361","2011"
"182","Americas","Central America","El Salvador","59.27","3681","2011"
"183","Americas","Central America","Guatemala","41.72","6237","2011"
"184","Americas","Central America","Honduras","42.98","3645","2011"
"185","Americas","Central America","Mexico","183.36","212141","2011"
"186","Americas","Central America","Nicaragua",NA,NA,"2011"
"187","Americas","Central America","Panama","156.07","5784","2011"
"188","Americas","Northern America","Bermuda","860","559","2011"
"189","Americas","Northern America","Canada","156.22","53957","2011"
"190","Americas","Northern America","United States of America","241.48","752423","2011"
"191","Americas","South America","Argentina",NA,NA,"2011"
"192","Americas","South America","Bolivia (Plurinational State of)","65.52","6692","2011"
"193","Americas","South America","Brazil","363.1","717185","2011"
"194","Americas","South America","Chile","133.24","22963","2011"
"195","Americas","South America","Colombia","136.18","62185","2011"
"196","Americas","South America","Ecuador","41.39","6309","2011"
"197","Americas","South America","Guyana",NA,NA,"2011"
"198","Americas","South America","Paraguay","31.77","2012","2011"
"199","Americas","South America","Peru","70.790000000000006","20717","2011"
"200","Americas","South America","Suriname",NA,NA,"2011"
"201","Americas","South America","Uruguay","15.26","514","2011"
"202","Asia","Central Asia","Kazakhstan","11.9","1962","2011"
"203","Asia","Central Asia","Kyrgyzstan","8.74","482","2011"
"204","Asia","Central Asia","Tajikistan","48.52","3735","2011"
"205","Asia","Central Asia","Turkmenistan",NA,NA,"2011"
"206","Asia","Central Asia","Uzbekistan",NA,NA,"2011"
"207","Asia","Eastern Asia","Hong Kong Special Administrative Region of China","105.07","7362","2011"
"208","Asia","Eastern Asia","Japan","20.18","25928","2011"
"209","Asia","Eastern Asia","Macao Special Administrative Region of China","313.61","1728","2011"
"210","Asia","Eastern Asia","Mongolia","210.76","5838","2011"
"211","Asia","Eastern Asia","Republic of Korea","626.41","311862","2011"
"212","Asia","South-Eastern Asia","Brunei Darussalam",NA,NA,"2011"
"213","Asia","South-Eastern Asia","Indonesia","14.61","35800","2011"
"214","Asia","South-Eastern Asia","Malaysia",NA,NA,"2011"
"215","Asia","South-Eastern Asia","Myanmar","4.37","2228","2011"
"216","Asia","South-Eastern Asia","Singapore","7.71","406","2011"
"217","Asia","South-Eastern Asia","Thailand","19.73","13322","2011"
"218","Asia","Southern Asia","Bangladesh",NA,NA,"2011"
"219","Asia","Southern Asia","Bhutan",NA,NA,"2011"
"220","Asia","Southern Asia","India","24.22","302847","2011"
"221","Asia","Southern Asia","Maldives","328.68","1249","2011"
"222","Asia","Southern Asia","Nepal",NA,NA,"2011"
"223","Asia","Southern Asia","Pakistan","19.75","36204","2011"
"224","Asia","Southern Asia","Sri Lanka","325.88","66474","2011"
"225","Asia","Western Asia","Armenia","5.6","161","2011"
"226","Asia","Western Asia","Azerbaijan","1.67","153","2011"
"227","Asia","Western Asia","Bahrain",NA,NA,"2011"
"228","Asia","Western Asia","Cyprus","14.58","164","2011"
"229","Asia","Western Asia","Georgia",NA,NA,"2011"
"230","Asia","Western Asia","Israel","575.25","43069","2011"
"231","Asia","Western Asia","Jordan",NA,NA,"2011"
"232","Asia","Western Asia","Kuwait",NA,NA,"2011"
"233","Asia","Western Asia","Lebanon","172.16","8956","2011"
"234","Asia","Western Asia","Oman",NA,NA,"2011"
"235","Asia","Western Asia","Qatar",NA,NA,"2011"
"236","Asia","Western Asia","Saudi Arabia",NA,NA,"2011"
"237","Asia","Western Asia","State of Palestine","8.19","340","2011"
"238","Asia","Western Asia","Syrian Arab Republic",NA,NA,"2011"
"239","Asia","Western Asia","Turkey","324.60000000000002","238395","2011"
"240","Asia","Western Asia","United Arab Emirates",NA,NA,"2011"
"241","Asia","Western Asia","Yemen",NA,NA,"2011"
"242","Europe","Eastern Europe","Belarus","10.65","1003","2011"
"243","Europe","Eastern Europe","Bulgaria","33.36","2462","2011"
"244","Europe","Eastern Europe","Czech Republic","183.68","19409","2011"
"245","Europe","Eastern Europe","Hungary","143.61000000000001","14212","2011"
"246","Europe","Eastern Europe","Poland","27.95","10703","2011"
"247","Europe","Eastern Europe","Republic of Moldova","8.83","360","2011"
"248","Europe","Eastern Europe","Romania","60.48","12299","2011"
"249","Europe","Eastern Europe","Russian Federation","20.63","29647","2011"
"250","Europe","Eastern Europe","Slovakia","41.17","2227","2011"
"251","Europe","Eastern Europe","Ukraine",NA,NA,"2011"
"252","Europe","Northern Europe","Denmark","30.38","1696","2011"
"253","Europe","Northern Europe","Estonia","7.83","104","2011"
"254","Europe","Northern Europe","Finland","54.79","2953","2011"
"255","Europe","Northern Europe","Iceland","18.579999999999998","60","2011"
"256","Europe","Northern Europe","Ireland","320.39","14709","2011"
"257","Europe","Northern Europe","Latvia","55.44","1161","2011"
"258","Europe","Northern Europe","Lithuania","6.68","206","2011"
"259","Europe","Northern Europe","Norway","57.34","2837","2011"
"260","Europe","Northern Europe","Sweden","60.04","5684","2011"
"261","Europe","Southern Europe","Albania","5.77","169","2011"
"262","Europe","Southern Europe","Andorra","171.43","144","2011"
"263","Europe","Southern Europe","Bosnia and Herzegovina","17.809999999999999","652","2011"
"264","Europe","Southern Europe","Croatia","20.239999999999998","873","2011"
"265","Europe","Southern Europe","Greece","13.16","1425","2011"
"266","Europe","Southern Europe","Holy See","0","0","2011"
"267","Europe","Southern Europe","Italy","114.95","68500","2011"
"268","Europe","Southern Europe","Malta","43.3","181","2011"
"269","Europe","Southern Europe","Montenegro","25.76","161","2011"
"270","Europe","Southern Europe","North Macedonia","11.53","239","2011"
"271","Europe","Southern Europe","Portugal","7.68","812","2011"
"272","Europe","Southern Europe","Serbia","14.6","1309","2011"
"273","Europe","Southern Europe","Slovenia","96.25","1974","2011"
"274","Europe","Southern Europe","Spain","38.85","18290","2011"
"275","Europe","Western Europe","Austria","46.1","3897","2011"
"276","Europe","Western Europe","Belgium","715.25","78778","2011"
"277","Europe","Western Europe","France","365.86","231307","2011"
"278","Europe","Western Europe","Germany","172.02","139091","2011"
"279","Europe","Western Europe","Liechtenstein","216.67","78","2011"
"280","Europe","Western Europe","Luxembourg","528.71","2744","2011"
"281","Europe","Western Europe","Monaco",NA,NA,"2011"
"282","Europe","Western Europe","Netherlands","355.03","59425","2011"
"283","Europe","Western Europe","Switzerland","6.16","487","2011"
"284","Oceania","Australia and New Zealand","Australia","293.3","66103","2011"
"285","Oceania","Australia and New Zealand","New Zealand","244.53","10806","2011"
"286","Oceania","Melanesia","Solomon Islands",NA,NA,"2011"
"287","Africa","Eastern Africa","Burundi","4.92","455","2012"
"288","Africa","Eastern Africa","Kenya","32.78","14534","2012"
"289","Africa","Eastern Africa","Madagascar","9.4600000000000009","2115","2012"
"290","Africa","Eastern Africa","Mauritius",NA,NA,"2012"
"291","Africa","Eastern Africa","Mozambique",NA,NA,"2012"
"292","Africa","Eastern Africa","Rwanda","30.11","3177","2012"
"293","Africa","Eastern Africa","Uganda","52.17","18030","2012"
"294","Africa","Eastern Africa","United Republic of Tanzania",NA,NA,"2012"
"295","Africa","Eastern Africa","Zimbabwe",NA,NA,"2012"
"296","Africa","Middle Africa","Cameroon","26.83","5764","2012"
"297","Africa","Middle Africa","Sao Tome and Principe",NA,NA,"2012"
"298","Africa","Northern Africa","Algeria","139.86000000000001","52287","2012"
"299","Africa","Northern Africa","Egypt",NA,NA,"2012"
"300","Africa","Northern Africa","Morocco","88.56","29439","2012"
"301","Africa","Southern Africa","Botswana",NA,NA,"2012"
"302","Africa","Southern Africa","Eswatini",NA,NA,"2012"
"303","Africa","Southern Africa","Lesotho",NA,NA,"2012"
"304","Africa","Southern Africa","South Africa",NA,NA,"2012"
"305","Africa","Western Africa","Benin",NA,NA,"2012"
"306","Africa","Western Africa","Cabo Verde","815.05","4116","2012"
"307","Africa","Western Africa","Cote d'Ivoire",NA,NA,"2012"
"308","Africa","Western Africa","Guinea",NA,NA,"2012"
"309","Africa","Western Africa","Guinea-Bissau",NA,NA,"2012"
"310","Africa","Western Africa","Nigeria","9.1999999999999993","15388","2012"
"311","Africa","Western Africa","Senegal",NA,NA,"2012"
"312","Africa","Western Africa","Sierra Leone",NA,NA,"2012"
"313","Americas","Caribbean","Bahamas","860.44","3132","2012"
"314","Americas","Caribbean","Barbados","516.9","1468","2012"
"315","Americas","Caribbean","Dominica",NA,NA,"2012"
"316","Americas","Caribbean","Dominican Republic","59.78","5937","2012"
"317","Americas","Caribbean","Grenada","1227.0999999999999","1313","2012"
"318","Americas","Caribbean","Jamaica","200","5684","2012"
"319","Americas","Caribbean","Puerto Rico","77.27","2733","2012"
"320","Americas","Caribbean","St. Kitts and Nevis",NA,NA,"2012"
"321","Americas","Caribbean","St. Vincent and the Grenadines","1029.6300000000001","1112","2012"
"322","Americas","Caribbean","Trinidad and Tobago","43.05","579","2012"
"323","Americas","Central America","Belize","273.08","923","2012"
"324","Americas","Central America","Costa Rica","138.16","6477","2012"
"325","Americas","Central America","El Salvador","67.78","4228","2012"
"326","Americas","Central America","Guatemala","39.85","6086","2012"
"327","Americas","Central America","Honduras","23.46","2027","2012"
"328","Americas","Central America","Mexico","180.71","211921","2012"
"329","Americas","Central America","Nicaragua",NA,NA,"2012"
"330","Americas","Central America","Panama","144.82","5461","2012"
"331","Americas","Northern America","Bermuda","849.23","552","2012"
"332","Americas","Northern America","Canada","152.74","53339","2012"
"333","Americas","Northern America","United States of America","242.64","762009","2012"
"334","Americas","South America","Argentina",NA,NA,"2012"
"335","Americas","South America","Bolivia (Plurinational State of)","71.56","7426","2012"
"336","Americas","South America","Brazil","367.77","732913","2012"
"337","Americas","South America","Chile","113.87","19813","2012"
"338","Americas","South America","Colombia","178.36","82181","2012"
"339","Americas","South America","Ecuador","53.26","8242","2012"
"340","Americas","South America","Guyana","1306.8900000000001","9867","2012"
"341","Americas","South America","Paraguay","31.52","2024","2012"
"342","Americas","South America","Peru","84.8","25022","2012"
"343","Americas","South America","Suriname",NA,NA,"2012"
"344","Americas","South America","Uruguay","13.88","469","2012"
"345","Asia","Central Asia","Kazakhstan","9.9499999999999993","1666","2012"
"346","Asia","Central Asia","Kyrgyzstan","7.36","414","2012"
"347","Asia","Central Asia","Tajikistan",NA,NA,"2012"
"348","Asia","Central Asia","Turkmenistan",NA,NA,"2012"
"349","Asia","Central Asia","Uzbekistan",NA,NA,"2012"
"350","Asia","Eastern Asia","Hong Kong Special Administrative Region of China","104.04","7332","2012"
"351","Asia","Eastern Asia","Japan","21.85","28058","2012"
"352","Asia","Eastern Asia","Macao Special Administrative Region of China","310.99","1754","2012"
"353","Asia","Eastern Asia","Mongolia","231.72","6546","2012"
"354","Asia","Eastern Asia","Republic of Korea","124.36","62257","2012"
"355","Asia","South-Eastern Asia","Brunei Darussalam",NA,NA,"2012"
"356","Asia","South-Eastern Asia","Indonesia","12.44","30901","2012"
"357","Asia","South-Eastern Asia","Malaysia",NA,NA,"2012"
"358","Asia","South-Eastern Asia","Myanmar","4.5","2312","2012"
"359","Asia","South-Eastern Asia","Singapore","8.42","452","2012"
"360","Asia","South-Eastern Asia","Thailand","20.13","13654","2012"
"361","Asia","Southern Asia","Bangladesh",NA,NA,"2012"
"362","Asia","Southern Asia","Bhutan",NA,NA,"2012"
"363","Asia","Southern Asia","India","26.25","332324","2012"
"364","Asia","Southern Asia","Maldives","318.39","1264","2012"
"365","Asia","Southern Asia","Nepal",NA,NA,"2012"
"366","Asia","Southern Asia","Pakistan","17.190000000000001","32194","2012"
"367","Asia","Southern Asia","Sri Lanka","322.10000000000002","66137","2012"
"368","Asia","Western Asia","Armenia","5.44","157","2012"
"369","Asia","Western Asia","Azerbaijan","1.42","132","2012"
"370","Asia","Western Asia","Bahrain",NA,NA,"2012"
"371","Asia","Western Asia","Cyprus","13.04","148","2012"
"372","Asia","Western Asia","Georgia",NA,NA,"2012"
"373","Asia","Western Asia","Israel",NA,NA,"2012"
"374","Asia","Western Asia","Jordan",NA,NA,"2012"
"375","Asia","Western Asia","Kuwait",NA,NA,"2012"
"376","Asia","Western Asia","Lebanon","156.34","8658","2012"
"377","Asia","Western Asia","Oman",NA,NA,"2012"
"378","Asia","Western Asia","Qatar",NA,NA,"2012"
"379","Asia","Western Asia","Saudi Arabia",NA,NA,"2012"
"380","Asia","Western Asia","State of Palestine","8.18","347","2012"
"381","Asia","Western Asia","Syrian Arab Republic",NA,NA,"2012"
"382","Asia","Western Asia","Turkey","351.41","262330","2012"
"383","Asia","Western Asia","United Arab Emirates","4.13","378","2012"
"384","Asia","Western Asia","Yemen",NA,NA,"2012"
"385","Europe","Eastern Europe","Belarus","9.6300000000000008","907","2012"
"386","Europe","Eastern Europe","Bulgaria","32.86","2410","2012"
"387","Europe","Eastern Europe","Czech Republic","173.5","18358","2012"
"388","Europe","Eastern Europe","Hungary","141.66","13973","2012"
"389","Europe","Eastern Europe","Poland","25.43","9721","2012"
"390","Europe","Eastern Europe","Republic of Moldova","7.97","325","2012"
"391","Europe","Eastern Europe","Romania","85.13","17219","2012"
"392","Europe","Eastern Europe","Russian Federation","20.170000000000002","29045","2012"
"393","Europe","Eastern Europe","Slovakia","40.31","2183","2012"
"394","Europe","Eastern Europe","Ukraine",NA,NA,"2012"
"395","Europe","Northern Europe","Denmark","170.33","9557","2012"
"396","Europe","Northern Europe","Estonia","7.48","99","2012"
"397","Europe","Northern Europe","Finland","34.61","1874","2012"
"398","Europe","Northern Europe","Iceland","22.7","74","2012"
"399","Europe","Northern Europe","Ireland","294.39999999999998","13566","2012"
"400","Europe","Northern Europe","Latvia","64.040000000000006","1325","2012"
"401","Europe","Northern Europe","Lithuania","5.84","178","2012"
"402","Europe","Northern Europe","Norway","55.46","2781","2012"
"403","Europe","Northern Europe","Sweden","55.94","5338","2012"
"404","Europe","Southern Europe","Albania","5.35","156","2012"
"405","Europe","Southern Europe","Andorra","198.78","163","2012"
"406","Europe","Southern Europe","Bosnia and Herzegovina","17.14","618","2012"
"407","Europe","Southern Europe","Croatia","21.02","903","2012"
"408","Europe","Southern Europe","Greece","15.69","1692","2012"
"409","Europe","Southern Europe","Holy See","0","0","2012"
"410","Europe","Southern Europe","Italy","116.11","69527","2012"
"411","Europe","Southern Europe","Malta","41.23","174","2012"
"412","Europe","Southern Europe","Montenegro","26.84","168","2012"
"413","Europe","Southern Europe","North Macedonia","10.17","211","2012"
"414","Europe","Southern Europe","Portugal","6.66","701","2012"
"415","Europe","Southern Europe","Serbia","14.8","1323","2012"
"416","Europe","Southern Europe","Slovenia","98.74","2032","2012"
"417","Europe","Southern Europe","Spain","36.869999999999997","17353","2012"
"418","Europe","Western Europe","Austria","47.4","4030","2012"
"419","Europe","Western Europe","Belgium","652.34","72312","2012"
"420","Europe","Western Europe","France","364.57","231733","2012"
"421","Europe","Western Europe","Germany","168.05","136077","2012"
"422","Europe","Western Europe","Liechtenstein","186.49","69","2012"
"423","Europe","Western Europe","Luxembourg","563.84","2994","2012"
"424","Europe","Western Europe","Monaco",NA,NA,"2012"
"425","Europe","Western Europe","Netherlands","341.23","57300","2012"
"426","Europe","Western Europe","Switzerland","7.46","597","2012"
"427","Oceania","Australia and New Zealand","Australia","278.16000000000003","63709","2012"
"428","Oceania","Australia and New Zealand","New Zealand","227.51","10165","2012"
"429","Oceania","Melanesia","Solomon Islands",NA,NA,"2012"
"430","Africa","Eastern Africa","Burundi","4.5199999999999996","431","2013"
"431","Africa","Eastern Africa","Kenya","30.04","13674","2013"
"432","Africa","Eastern Africa","Madagascar","11.95","2744","2013"
"433","Africa","Eastern Africa","Mauritius",NA,NA,"2013"
"434","Africa","Eastern Africa","Mozambique",NA,NA,"2013"
"435","Africa","Eastern Africa","Rwanda","30.51","3299","2013"
"436","Africa","Eastern Africa","Uganda","46.79","16702","2013"
"437","Africa","Eastern Africa","United Republic of Tanzania",NA,NA,"2013"
"438","Africa","Eastern Africa","Zimbabwe",NA,NA,"2013"
"439","Africa","Middle Africa","Cameroon","25.5","5630","2013"
"440","Africa","Middle Africa","Sao Tome and Principe",NA,NA,"2013"
"441","Africa","Northern Africa","Algeria","142.82","54472","2013"
"442","Africa","Northern Africa","Egypt",NA,NA,"2013"
"443","Africa","Northern Africa","Morocco","200.98","67763","2013"
"444","Africa","Southern Africa","Botswana",NA,NA,"2013"
"445","Africa","Southern Africa","Eswatini",NA,NA,"2013"
"446","Africa","Southern Africa","Lesotho",NA,NA,"2013"
"447","Africa","Southern Africa","South Africa",NA,NA,"2013"
"448","Africa","Western Africa","Benin",NA,NA,"2013"
"449","Africa","Western Africa","Cabo Verde","783.79","4013","2013"
"450","Africa","Western Africa","Cote d'Ivoire",NA,NA,"2013"
"451","Africa","Western Africa","Guinea",NA,NA,"2013"
"452","Africa","Western Africa","Guinea-Bissau","176.82","2914","2013"
"453","Africa","Western Africa","Nigeria","9.6","16487","2013"
"454","Africa","Western Africa","Senegal",NA,NA,"2013"
"455","Africa","Western Africa","Sierra Leone",NA,NA,"2013"
"456","Americas","Caribbean","Bahamas",NA,NA,"2013"
"457","Americas","Caribbean","Barbados","440.14","1250","2013"
"458","Americas","Caribbean","Dominica",NA,NA,"2013"
"459","Americas","Caribbean","Dominican Republic","38.15","3833","2013"
"460","Americas","Caribbean","Grenada","1290.74","1394","2013"
"461","Americas","Caribbean","Jamaica","172.82","4941","2013"
"462","Americas","Caribbean","Puerto Rico","68.349999999999994","2395","2013"
"463","Americas","Caribbean","St. Kitts and Nevis",NA,NA,"2013"
"464","Americas","Caribbean","St. Vincent and the Grenadines",NA,NA,"2013"
"465","Americas","Caribbean","Trinidad and Tobago","40.03","542","2013"
"466","Americas","Central America","Belize",NA,NA,"2013"
"467","Americas","Central America","Costa Rica","173.37","8221","2013"
"468","Americas","Central America","El Salvador","68.98","4322","2013"
"469","Americas","Central America","Guatemala","17.86","2786","2013"
"470","Americas","Central America","Honduras","19.71","1734","2013"
"471","Americas","Central America","Mexico","27.1","32202","2013"
"472","Americas","Central America","Nicaragua",NA,NA,"2013"
"473","Americas","Central America","Panama","110.46","4236","2013"
"474","Americas","Northern America","Bermuda","87.5","56","2013"
"475","Americas","Northern America","Canada","139.56","49260","2013"
"476","Americas","Northern America","United States of America","229.71","726800","2013"
"477","Americas","South America","Argentina",NA,NA,"2013"
"478","Americas","South America","Bolivia (Plurinational State of)","119.76","12625","2013"
"479","Americas","South America","Brazil","329.04","661494","2013"
"480","Americas","South America","Chile","81.45","14313","2013"
"481","Americas","South America","Colombia","359.42","167111","2013"
"482","Americas","South America","Ecuador","54.5","8560","2013"
"483","Americas","South America","Guyana","856.52","6501","2013"
"484","Americas","South America","Paraguay","12.86","837","2013"
"485","Americas","South America","Peru","87.87","26163","2013"
"486","Americas","South America","Suriname",NA,NA,"2013"
"487","Americas","South America","Uruguay","12.57","426","2013"
"488","Asia","Central Asia","Kazakhstan","7.99","1361","2013"
"489","Asia","Central Asia","Kyrgyzstan","5.34","306","2013"
"490","Asia","Central Asia","Tajikistan",NA,NA,"2013"
"491","Asia","Central Asia","Turkmenistan",NA,NA,"2013"
"492","Asia","Central Asia","Uzbekistan",NA,NA,"2013"
"493","Asia","Eastern Asia","Hong Kong Special Administrative Region of China","93.43","6623","2013"
"494","Asia","Eastern Asia","Japan","21.72","27864","2013"
"495","Asia","Eastern Asia","Macao Special Administrative Region of China","294.63","1700","2013"
"496","Asia","Eastern Asia","Mongolia","262.45999999999998","7564","2013"
"497","Asia","Eastern Asia","Republic of Korea","111","55884","2013"
"498","Asia","South-Eastern Asia","Brunei Darussalam",NA,NA,"2013"
"499","Asia","South-Eastern Asia","Indonesia","13.96","35153","2013"
"500","Asia","South-Eastern Asia","Malaysia",NA,NA,"2013"
"501","Asia","South-Eastern Asia","Myanmar","9.65","5003","2013"
"502","Asia","South-Eastern Asia","Singapore","8.73","476","2013"
"503","Asia","South-Eastern Asia","Thailand","18.329999999999998","12491","2013"
"504","Asia","Southern Asia","Bangladesh",NA,NA,"2013"
"505","Asia","Southern Asia","Bhutan",NA,NA,"2013"
"506","Asia","Southern Asia","India","26.13","334669","2013"
"507","Asia","Southern Asia","Maldives","309.86","1289","2013"
"508","Asia","Southern Asia","Nepal",NA,NA,"2013"
"509","Asia","Southern Asia","Pakistan","16.850000000000001","32223","2013"
"510","Asia","Southern Asia","Sri Lanka","19.829999999999998","4098","2013"
"511","Asia","Western Asia","Armenia","6.07","176","2013"
"512","Asia","Western Asia","Azerbaijan","1.41","132","2013"
"513","Asia","Western Asia","Bahrain",NA,NA,"2013"
"514","Asia","Western Asia","Cyprus","11.54","132","2013"
"515","Asia","Western Asia","Georgia",NA,NA,"2013"
"516","Asia","Western Asia","Israel",NA,NA,"2013"
"517","Asia","Western Asia","Jordan",NA,NA,"2013"
"518","Asia","Western Asia","Kuwait",NA,NA,"2013"
"519","Asia","Western Asia","Lebanon","139.05000000000001","8222","2013"
"520","Asia","Western Asia","Oman",NA,NA,"2013"
"521","Asia","Western Asia","Qatar",NA,NA,"2013"
"522","Asia","Western Asia","Saudi Arabia",NA,NA,"2013"
"523","Asia","Western Asia","State of Palestine",NA,NA,"2013"
"524","Asia","Western Asia","Syrian Arab Republic",NA,NA,"2013"
"525","Asia","Western Asia","Turkey","98.7","74938","2013"
"526","Asia","Western Asia","United Arab Emirates","3.38","311","2013"
"527","Asia","Western Asia","Yemen",NA,NA,"2013"
"528","Europe","Eastern Europe","Belarus","9.0399999999999991","852","2013"
"529","Europe","Eastern Europe","Bulgaria","33.880000000000003","2470","2013"
"530","Europe","Eastern Europe","Czech Republic","176.53","18689","2013"
"531","Europe","Eastern Europe","Hungary","136.03","13377","2013"
"532","Europe","Eastern Europe","Poland","23.9","9118","2013"
"533","Europe","Eastern Europe","Republic of Moldova","7.95","324","2013"
"534","Europe","Eastern Europe","Romania","87.28","17572","2013"
"535","Europe","Eastern Europe","Russian Federation","21.1","30453","2013"
"536","Europe","Eastern Europe","Slovakia","37.200000000000003","2017","2013"
"537","Europe","Eastern Europe","Ukraine",NA,NA,"2013"
"538","Europe","Northern Europe","Denmark","26.66","1503","2013"
"539","Europe","Northern Europe","Estonia","7.51","99","2013"
"540","Europe","Northern Europe","Finland","32.93","1791","2013"
"541","Europe","Northern Europe","Iceland","28.13","92","2013"
"542","Europe","Northern Europe","Ireland","66.930000000000007","3089","2013"
"543","Europe","Northern Europe","Latvia","22.4","458","2013"
"544","Europe","Northern Europe","Lithuania","7.01","211","2013"
"545","Europe","Northern Europe","Norway","50.52","2566","2013"
"546","Europe","Northern Europe","Sweden","48.44","4659","2013"
"547","Europe","Southern Europe","Albania","5.61","163","2013"
"548","Europe","Southern Europe","Andorra","111.11","90","2013"
"549","Europe","Southern Europe","Bosnia and Herzegovina","16.29","577","2013"
"550","Europe","Southern Europe","Croatia","19.239999999999998","823","2013"
"551","Europe","Southern Europe","Greece","14.99","1610","2013"
"552","Europe","Southern Europe","Holy See","0","0","2013"
"553","Europe","Southern Europe","Italy","110.22","66317","2013"
"554","Europe","Southern Europe","Malta","51.17","218","2013"
"555","Europe","Southern Europe","Montenegro","27.64","173","2013"
"556","Europe","Southern Europe","North Macedonia","10.4","216","2013"
"557","Europe","Southern Europe","Portugal","5.54","580","2013"
"558","Europe","Southern Europe","Serbia","19.62","1750","2013"
"559","Europe","Southern Europe","Slovenia","89.63","1849","2013"
"560","Europe","Southern Europe","Spain","35.590000000000003","16701","2013"
"561","Europe","Western Europe","Austria","38.880000000000003","3327","2013"
"562","Europe","Western Europe","Belgium","625.29999999999995","69746","2013"
"563","Europe","Western Europe","France","365.14","233304","2013"
"564","Europe","Western Europe","Germany","157.52000000000001","127869","2013"
"565","Europe","Western Europe","Liechtenstein","278.38","103","2013"
"566","Europe","Western Europe","Luxembourg","555.79999999999995","3018","2013"
"567","Europe","Western Europe","Monaco",NA,NA,"2013"
"568","Europe","Western Europe","Netherlands","33.130000000000003","5581","2013"
"569","Europe","Western Europe","Switzerland","7","568","2013"
"570","Oceania","Australia and New Zealand","Australia","284.72000000000003","66211","2013"
"571","Oceania","Australia and New Zealand","New Zealand","198.07","8951","2013"
"572","Oceania","Melanesia","Solomon Islands",NA,NA,"2013"
"573","Africa","Eastern Africa","Burundi","5.58","549","2014"
"574","Africa","Eastern Africa","Kenya","29.87","13949","2014"
"575","Africa","Eastern Africa","Madagascar","10.78","2542","2014"
"576","Africa","Eastern Africa","Mauritius",NA,NA,"2014"
"577","Africa","Eastern Africa","Mozambique",NA,NA,"2014"
"578","Africa","Eastern Africa","Rwanda",NA,NA,"2014"
"579","Africa","Eastern Africa","Uganda","22.24","8210","2014"
"580","Africa","Eastern Africa","United Republic of Tanzania","3.67","1834","2014"
"581","Africa","Eastern Africa","Zimbabwe",NA,NA,"2014"
"582","Africa","Middle Africa","Cameroon","16.27","3690","2014"
"583","Africa","Middle Africa","Sao Tome and Principe",NA,NA,"2014"
"584","Africa","Northern Africa","Algeria","138.35","53853","2014"
"585","Africa","Northern Africa","Egypt",NA,NA,"2014"
"586","Africa","Northern Africa","Morocco",NA,NA,"2014"
"587","Africa","Southern Africa","Botswana","806.46","16847","2014"
"588","Africa","Southern Africa","Eswatini",NA,NA,"2014"
"589","Africa","Southern Africa","Lesotho",NA,NA,"2014"
"590","Africa","Southern Africa","South Africa","334.69","182556","2014"
"591","Africa","Western Africa","Benin",NA,NA,"2014"
"592","Africa","Western Africa","Cabo Verde","794.79","4117","2014"
"593","Africa","Western Africa","Cote d'Ivoire",NA,NA,"2014"
"594","Africa","Western Africa","Guinea",NA,NA,"2014"
"595","Africa","Western Africa","Guinea-Bissau","195.86","3314","2014"
"596","Africa","Western Africa","Nigeria",NA,NA,"2014"
"597","Africa","Western Africa","Senegal",NA,NA,"2014"
"598","Africa","Western Africa","Sierra Leone",NA,NA,"2014"
"599","Americas","Caribbean","Bahamas","1386.79","5145","2014"
"600","Americas","Caribbean","Barbados","514.04","1465","2014"
"601","Americas","Caribbean","Dominica","107.04","76","2014"
"602","Americas","Caribbean","Dominican Republic","42.06","4275","2014"
"603","Americas","Caribbean","Grenada","485.32","529","2014"
"604","Americas","Caribbean","Jamaica","136.28","3918","2014"
"605","Americas","Caribbean","Puerto Rico","71.66","2475","2014"
"606","Americas","Caribbean","St. Kitts and Nevis",NA,NA,"2014"
"607","Americas","Caribbean","St. Vincent and the Grenadines",NA,NA,"2014"
"608","Americas","Caribbean","Trinidad and Tobago","40.97","558","2014"
"609","Americas","Central America","Belize","295.18","1042","2014"
"610","Americas","Central America","Costa Rica","176.79","8477","2014"
"611","Americas","Central America","El Salvador","62.27","3920","2014"
"612","Americas","Central America","Guatemala","15.18","2417","2014"
"613","Americas","Central America","Honduras","16.72","1497","2014"
"614","Americas","Central America","Mexico","33.18","39937","2014"
"615","Americas","Central America","Nicaragua",NA,NA,"2014"
"616","Americas","Central America","Panama","104.15","4063","2014"
"617","Americas","Northern America","Bermuda","95.31","61","2014"
"618","Americas","Northern America","Canada","135.62","48369","2014"
"619","Americas","Northern America","United States of America","229.42","731100","2014"
"620","Americas","South America","Argentina","418.9","178611","2014"
"621","Americas","South America","Bolivia (Plurinational State of)","88.85","9513","2014"
"622","Americas","South America","Brazil","298.99","606252","2014"
"623","Americas","South America","Chile","75.22","13359","2014"
"624","Americas","South America","Colombia","356.93","167645","2014"
"625","Americas","South America","Ecuador","46.58","7430","2014"
"626","Americas","South America","Guyana",NA,NA,"2014"
"627","Americas","South America","Paraguay","11.8","779","2014"
"628","Americas","South America","Peru","82.44","24806","2014"
"629","Americas","South America","Suriname","78.3","433","2014"
"630","Americas","South America","Uruguay","13.82","470","2014"
"631","Asia","Central Asia","Kazakhstan","5.53","957","2014"
"632","Asia","Central Asia","Kyrgyzstan","6.5","380","2014"
"633","Asia","Central Asia","Tajikistan",NA,NA,"2014"
"634","Asia","Central Asia","Turkmenistan",NA,NA,"2014"
"635","Asia","Central Asia","Uzbekistan","4.7699999999999996","1451","2014"
"636","Asia","Eastern Asia","Hong Kong Special Administrative Region of China",NA,NA,"2014"
"637","Asia","Eastern Asia","Japan","20.8","26653","2014"
"638","Asia","Eastern Asia","Macao Special Administrative Region of China","302.2","1783","2014"
"639","Asia","Eastern Asia","Mongolia","276.60000000000002","8132","2014"
"640","Asia","Eastern Asia","Republic of Korea","99.35","50281","2014"
"641","Asia","South-Eastern Asia","Brunei Darussalam",NA,NA,"2014"
"642","Asia","South-Eastern Asia","Indonesia","14.49","36980","2014"
"643","Asia","South-Eastern Asia","Malaysia",NA,NA,"2014"
"644","Asia","South-Eastern Asia","Myanmar","9.93","5190","2014"
"645","Asia","South-Eastern Asia","Singapore","9.2799999999999994","513","2014"
"646","Asia","South-Eastern Asia","Thailand","18.52","12675","2014"
"647","Asia","Southern Asia","Bangladesh",NA,NA,"2014"
"648","Asia","Southern Asia","Bhutan","72.459999999999994","521","2014"
"649","Asia","Southern Asia","India",NA,NA,"2014"
"650","Asia","Southern Asia","Maldives",NA,NA,"2014"
"651","Asia","Southern Asia","Nepal",NA,NA,"2014"
"652","Asia","Southern Asia","Pakistan","17.12","33432","2014"
"653","Asia","Southern Asia","Sri Lanka","19.420000000000002","4037","2014"
"654","Asia","Western Asia","Armenia","6.8","198","2014"
"655","Asia","Western Asia","Azerbaijan","1.68","160","2014"
"656","Asia","Western Asia","Bahrain",NA,NA,"2014"
"657","Asia","Western Asia","Cyprus","11.63","134","2014"
"658","Asia","Western Asia","Georgia","5.65","228","2014"
"659","Asia","Western Asia","Israel",NA,NA,"2014"
"660","Asia","Western Asia","Jordan",NA,NA,"2014"
"661","Asia","Western Asia","Kuwait",NA,NA,"2014"
"662","Asia","Western Asia","Lebanon","135.97999999999999","8514","2014"
"663","Asia","Western Asia","Oman","0.99","40","2014"
"664","Asia","Western Asia","Qatar",NA,NA,"2014"
"665","Asia","Western Asia","Saudi Arabia",NA,NA,"2014"
"666","Asia","Western Asia","State of Palestine",NA,NA,"2014"
"667","Asia","Western Asia","Syrian Arab Republic",NA,NA,"2014"
"668","Asia","Western Asia","Turkey","102.82","79405","2014"
"669","Asia","Western Asia","United Arab Emirates","3.43","316","2014"
"670","Asia","Western Asia","Yemen",NA,NA,"2014"
"671","Europe","Eastern Europe","Belarus","8.8000000000000007","830","2014"
"672","Europe","Eastern Europe","Bulgaria","34.96","2533","2014"
"673","Europe","Eastern Europe","Czech Republic","49.09","5199","2014"
"674","Europe","Eastern Europe","Hungary","137.43","13475","2014"
"675","Europe","Eastern Europe","Poland","21.65","8248","2014"
"676","Europe","Eastern Europe","Republic of Moldova","7.86","320","2014"
"677","Europe","Eastern Europe","Romania","11.37","2279","2014"
"678","Europe","Eastern Europe","Russian Federation","20.239999999999998","29286","2014"
"679","Europe","Eastern Europe","Slovakia","36.619999999999997","1988","2014"
"680","Europe","Eastern Europe","Ukraine",NA,NA,"2014"
"681","Europe","Northern Europe","Denmark","27.07","1533","2014"
"682","Europe","Northern Europe","Estonia","5.85","77","2014"
"683","Europe","Northern Europe","Finland","30.12","1645","2014"
"684","Europe","Northern Europe","Iceland","30.7","101","2014"
"685","Europe","Northern Europe","Ireland","68.36","3163","2014"
"686","Europe","Northern Europe","Latvia","28.15","569","2014"
"687","Europe","Northern Europe","Lithuania","6.87","204","2014"
"688","Europe","Northern Europe","Norway","46.23","2377","2014"
"689","Europe","Northern Europe","Sweden","47.15","4570","2014"
"690","Europe","Southern Europe","Albania","4.5599999999999996","132","2014"
"691","Europe","Southern Europe","Andorra","155.69999999999999","123","2014"
"692","Europe","Southern Europe","Bosnia and Herzegovina","17","592","2014"
"693","Europe","Southern Europe","Croatia","18","766","2014"
"694","Europe","Southern Europe","Greece","13.63","1459","2014"
"695","Europe","Southern Europe","Holy See","0","0","2014"
"696","Europe","Southern Europe","Italy","110.92","67004","2014"
"697","Europe","Southern Europe","Malta","37.21","160","2014"
"698","Europe","Southern Europe","Montenegro","20.57","129","2014"
"699","Europe","Southern Europe","North Macedonia","10.25","213","2014"
"700","Europe","Southern Europe","Portugal","5.2","542","2014"
"701","Europe","Southern Europe","Serbia","16.93","1506","2014"
"702","Europe","Southern Europe","Slovenia","80.16","1657","2014"
"703","Europe","Southern Europe","Spain","35.86","16776","2014"
"704","Europe","Western Europe","Austria","37.49","3230","2014"
"705","Europe","Western Europe","Belgium","627.49","70411","2014"
"706","Europe","Western Europe","France","370.62","237916","2014"
"707","Europe","Western Europe","Germany","154.38999999999999","125752","2014"
"708","Europe","Western Europe","Liechtenstein","324.32","120","2014"
"709","Europe","Western Europe","Luxembourg","131.16999999999999","728","2014"
"710","Europe","Western Europe","Monaco","416.22","154","2014"
"711","Europe","Western Europe","Netherlands","31.61","5340","2014"
"712","Europe","Western Europe","Switzerland","7.42","609","2014"
"713","Oceania","Australia and New Zealand","Australia","284.29000000000002","67081","2014"
"714","Oceania","Australia and New Zealand","New Zealand","216.73","9900","2014"
"715","Oceania","Melanesia","Solomon Islands",NA,NA,"2014"
"716","Africa","Eastern Africa","Burundi",NA,NA,"2015"
"717","Africa","Eastern Africa","Kenya","31.16","14921","2015"
"718","Africa","Eastern Africa","Madagascar","9.0299999999999994","2189","2015"
"719","Africa","Eastern Africa","Mauritius",NA,NA,"2015"
"720","Africa","Eastern Africa","Mozambique",NA,NA,"2015"
"721","Africa","Eastern Africa","Rwanda",NA,NA,"2015"
"722","Africa","Eastern Africa","Uganda","26.33","10065","2015"
"723","Africa","Eastern Africa","United Republic of Tanzania","4.59","2361","2015"
"724","Africa","Eastern Africa","Zimbabwe",NA,NA,"2015"
"725","Africa","Middle Africa","Cameroon","20.62","4805","2015"
"726","Africa","Middle Africa","Sao Tome and Principe",NA,NA,"2015"
"727","Africa","Northern Africa","Algeria","123.57","49091","2015"
"728","Africa","Northern Africa","Egypt",NA,NA,"2015"
"729","Africa","Northern Africa","Morocco","162.34","56275","2015"
"730","Africa","Southern Africa","Botswana",NA,NA,"2015"
"731","Africa","Southern Africa","Eswatini",NA,NA,"2015"
"732","Africa","Southern Africa","Lesotho",NA,NA,"2015"
"733","Africa","Southern Africa","South Africa","330.29","182933","2015"
"734","Africa","Western Africa","Benin",NA,NA,"2015"
"735","Africa","Western Africa","Cabo Verde","800.95","4205","2015"
"736","Africa","Western Africa","Cote d'Ivoire",NA,NA,"2015"
"737","Africa","Western Africa","Guinea",NA,NA,"2015"
"738","Africa","Western Africa","Guinea-Bissau","76.63","1331","2015"
"739","Africa","Western Africa","Nigeria",NA,NA,"2015"
"740","Africa","Western Africa","Senegal",NA,NA,"2015"
"741","Africa","Western Africa","Sierra Leone",NA,NA,"2015"
"742","Americas","Caribbean","Bahamas","1219.79","4562","2015"
"743","Americas","Caribbean","Barbados","517.19000000000005","1474","2015"
"744","Americas","Caribbean","Dominica","123.94","88","2015"
"745","Americas","Caribbean","Dominican Republic","37.82","3889","2015"
"746","Americas","Caribbean","Grenada","449.09","494","2015"
"747","Americas","Caribbean","Jamaica","101.45","2933","2015"
"748","Americas","Caribbean","Puerto Rico","87.52","2960","2015"
"749","Americas","Caribbean","St. Kitts and Nevis",NA,NA,"2015"
"750","Americas","Caribbean","St. Vincent and the Grenadines",NA,NA,"2015"
"751","Americas","Caribbean","Trinidad and Tobago","43.8","600","2015"
"752","Americas","Central America","Belize",NA,NA,"2015"
"753","Americas","Central America","Costa Rica","175.68","8517","2015"
"754","Americas","Central America","El Salvador","93.08","5887","2015"
"755","Americas","Central America","Guatemala","14.55","2364","2015"
"756","Americas","Central America","Honduras","14.57","1328","2015"
"757","Americas","Central America","Mexico","37.92","46211","2015"
"758","Americas","Central America","Nicaragua",NA,NA,"2015"
"759","Americas","Central America","Panama","71.650000000000006","2843","2015"
"760","Americas","Northern America","Bermuda","90.63","58","2015"
"761","Americas","Northern America","Canada","140.75","50708","2015"
"762","Americas","Northern America","United States of America","238.13","764100","2015"
"763","Americas","South America","Argentina","420.94","181321","2015"
"764","Americas","South America","Bolivia (Plurinational State of)","79.55","8647","2015"
"765","Americas","South America","Brazil","303.70999999999998","621009","2015"
"766","Americas","South America","Chile","68.47","12304","2015"
"767","Americas","South America","Colombia","368.48","175106","2015"
"768","Americas","South America","Ecuador","49.44","8016","2015"
"769","Americas","South America","Guyana","1208.47","9269","2015"
"770","Americas","South America","Paraguay","10.24","685","2015"
"771","Americas","South America","Peru","81.319999999999993","24778","2015"
"772","Americas","South America","Suriname","55.46","310","2015"
"773","Americas","South America","Uruguay","13.66","466","2015"
"774","Asia","Central Asia","Kazakhstan","5.12","900","2015"
"775","Asia","Central Asia","Kyrgyzstan","6.02","359","2015"
"776","Asia","Central Asia","Tajikistan",NA,NA,"2015"
"777","Asia","Central Asia","Turkmenistan",NA,NA,"2015"
"778","Asia","Central Asia","Uzbekistan","4.78","1478","2015"
"779","Asia","Eastern Asia","Hong Kong Special Administrative Region of China",NA,NA,"2015"
"780","Asia","Eastern Asia","Japan","19.68","25183","2015"
"781","Asia","Eastern Asia","Macao Special Administrative Region of China","269.10000000000002","1620","2015"
"782","Asia","Eastern Asia","Mongolia","268.98","8064","2015"
"783","Asia","Eastern Asia","Republic of Korea","94.46","48005","2015"
"784","Asia","South-Eastern Asia","Brunei Darussalam",NA,NA,"2015"
"785","Asia","South-Eastern Asia","Indonesia","5.63","14559","2015"
"786","Asia","South-Eastern Asia","Malaysia",NA,NA,"2015"
"787","Asia","South-Eastern Asia","Myanmar","9.27","4885","2015"
"788","Asia","South-Eastern Asia","Singapore","8.4600000000000009","473","2015"
"789","Asia","South-Eastern Asia","Thailand","19.899999999999999","13677","2015"
"790","Asia","Southern Asia","Bangladesh",NA,NA,"2015"
"791","Asia","Southern Asia","Bhutan","60.3","439","2015"
"792","Asia","Southern Asia","India",NA,NA,"2015"
"793","Asia","Southern Asia","Maldives",NA,NA,"2015"
"794","Asia","Southern Asia","Nepal",NA,NA,"2015"
"795","Asia","Southern Asia","Pakistan","14.53","28979","2015"
"796","Asia","Southern Asia","Sri Lanka","18.14","3792","2015"
"797","Asia","Western Asia","Armenia","5.57","163","2015"
"798","Asia","Western Asia","Azerbaijan",NA,NA,"2015"
"799","Asia","Western Asia","Bahrain",NA,NA,"2015"
"800","Asia","Western Asia","Cyprus","12.14","141","2015"
"801","Asia","Western Asia","Georgia",NA,NA,"2015"
"802","Asia","Western Asia","Israel",NA,NA,"2015"
"803","Asia","Western Asia","Jordan",NA,NA,"2015"
"804","Asia","Western Asia","Kuwait",NA,NA,"2015"
"805","Asia","Western Asia","Lebanon","118.92","7769","2015"
"806","Asia","Western Asia","Oman","1.03","44","2015"
"807","Asia","Western Asia","Qatar",NA,NA,"2015"
"808","Asia","Western Asia","Saudi Arabia","1.38","437","2015"
"809","Asia","Western Asia","State of Palestine",NA,NA,"2015"
"810","Asia","Western Asia","Syrian Arab Republic",NA,NA,"2015"
"811","Asia","Western Asia","Turkey","111.49","87554","2015"
"812","Asia","Western Asia","United Arab Emirates","3.45","320","2015"
"813","Asia","Western Asia","Yemen",NA,NA,"2015"
"814","Europe","Eastern Europe","Belarus",NA,NA,"2015"
"815","Europe","Eastern Europe","Bulgaria","35","2520","2015"
"816","Europe","Eastern Europe","Czech Republic","49.33","5229","2015"
"817","Europe","Eastern Europe","Hungary","127.55","12472","2015"
"818","Europe","Eastern Europe","Poland","18.29","6957","2015"
"819","Europe","Eastern Europe","Republic of Moldova",NA,NA,"2015"
"820","Europe","Eastern Europe","Romania","1.5","299","2015"
"821","Europe","Eastern Europe","Russian Federation","18.8","27258","2015"
"822","Europe","Eastern Europe","Slovakia","35.630000000000003","1937","2015"
"823","Europe","Eastern Europe","Ukraine",NA,NA,"2015"
"824","Europe","Northern Europe","Denmark","25.66","1460","2015"
"825","Europe","Northern Europe","Estonia","7.45","98","2015"
"826","Europe","Northern Europe","Finland","28.52","1563","2015"
"827","Europe","Northern Europe","Iceland","25.76","85","2015"
"828","Europe","Northern Europe","Ireland","75.45","3510","2015"
"829","Europe","Northern Europe","Latvia","26.73","534","2015"
"830","Europe","Northern Europe","Lithuania","7.3","214","2015"
"831","Europe","Northern Europe","Norway","43.06","2239","2015"
"832","Europe","Northern Europe","Sweden","47.58","4646","2015"
"833","Europe","Southern Europe","Albania","5.85","169","2015"
"834","Europe","Southern Europe","Andorra","170.51","133","2015"
"835","Europe","Southern Europe","Bosnia and Herzegovina","28.93","992","2015"
"836","Europe","Southern Europe","Croatia","18.989999999999998","804","2015"
"837","Europe","Southern Europe","Greece","15.23","1624","2015"
"838","Europe","Southern Europe","Holy See","0","0","2015"
"839","Europe","Southern Europe","Italy","107.23","64955","2015"
"840","Europe","Southern Europe","Malta","42.17","183","2015"
"841","Europe","Southern Europe","Montenegro","22.33","140","2015"
"842","Europe","Southern Europe","North Macedonia","7.41","154","2015"
"843","Europe","Southern Europe","Portugal","4.5199999999999996","469","2015"
"844","Europe","Southern Europe","Serbia","16.02","1422","2015"
"845","Europe","Southern Europe","Slovenia","74.36","1540","2015"
"846","Europe","Southern Europe","Spain","62.26","29056","2015"
"847","Europe","Western Europe","Austria","35.4","3072","2015"
"848","Europe","Western Europe","Belgium","611.55999999999995","69033","2015"
"849","Europe","Western Europe","France","375.75","242185","2015"
"850","Europe","Western Europe","Germany","155.76","127395","2015"
"851","Europe","Western Europe","Liechtenstein","332.43","123","2015"
"852","Europe","Western Europe","Luxembourg","107.23","608","2015"
"853","Europe","Western Europe","Monaco","518.41999999999996","197","2015"
"854","Europe","Western Europe","Netherlands","30.14","5105","2015"
"855","Europe","Western Europe","Switzerland","7.42","616","2015"
"856","Oceania","Australia and New Zealand","Australia","284.13","68002","2015"
"857","Oceania","Australia and New Zealand","New Zealand","459.11","21188","2015"
"858","Oceania","Melanesia","Solomon Islands",NA,NA,"2015"
"859","Africa","Eastern Africa","Burundi",NA,NA,"2016"
"860","Africa","Eastern Africa","Kenya","32.020000000000003","15705","2016"
"861","Africa","Eastern Africa","Madagascar",NA,NA,"2016"
"862","Africa","Eastern Africa","Mauritius",NA,NA,"2016"
"863","Africa","Eastern Africa","Mozambique",NA,NA,"2016"
"864","Africa","Eastern Africa","Rwanda",NA,NA,"2016"
"865","Africa","Eastern Africa","Uganda","17.7","7019","2016"
"866","Africa","Eastern Africa","United Republic of Tanzania",NA,NA,"2016"
"867","Africa","Eastern Africa","Zimbabwe",NA,NA,"2016"
"868","Africa","Middle Africa","Cameroon","7.73","1850","2016"
"869","Africa","Middle Africa","Sao Tome and Principe",NA,NA,"2016"
"870","Africa","Northern Africa","Algeria",NA,NA,"2016"
"871","Africa","Northern Africa","Egypt",NA,NA,"2016"
"872","Africa","Northern Africa","Morocco","184.07","64657","2016"
"873","Africa","Southern Africa","Botswana",NA,NA,"2016"
"874","Africa","Southern Africa","Eswatini",NA,NA,"2016"
"875","Africa","Southern Africa","Lesotho",NA,NA,"2016"
"876","Africa","Southern Africa","South Africa","303.54000000000002","170616","2016"
"877","Africa","Western Africa","Benin",NA,NA,"2016"
"878","Africa","Western Africa","Cabo Verde",NA,NA,"2016"
"879","Africa","Western Africa","Cote d'Ivoire",NA,NA,"2016"
"880","Africa","Western Africa","Guinea",NA,NA,"2016"
"881","Africa","Western Africa","Guinea-Bissau","112.23","2000","2016"
"882","Africa","Western Africa","Nigeria",NA,NA,"2016"
"883","Africa","Western Africa","Senegal",NA,NA,"2016"
"884","Africa","Western Africa","Sierra Leone",NA,NA,"2016"
"885","Americas","Caribbean","Bahamas","1131.22","4276","2016"
"886","Americas","Caribbean","Barbados","545.1","1559","2016"
"887","Americas","Caribbean","Dominica","156.34","111","2016"
"888","Americas","Caribbean","Dominican Republic","30.22","3142","2016"
"889","Americas","Caribbean","Grenada","397.27","437","2016"
"890","Americas","Caribbean","Jamaica","77.84","2262","2016"
"891","Americas","Caribbean","Puerto Rico","109.47","3594","2016"
"892","Americas","Caribbean","St. Kitts and Nevis",NA,NA,"2016"
"893","Americas","Caribbean","St. Vincent and the Grenadines","753.21","821","2016"
"894","Americas","Caribbean","Trinidad and Tobago",NA,NA,"2016"
"895","Americas","Central America","Belize",NA,NA,"2016"
"896","Americas","Central America","Costa Rica","153.68","7529","2016"
"897","Americas","Central America","El Salvador","39.43","2506","2016"
"898","Americas","Central America","Guatemala","11.15","1849","2016"
"899","Americas","Central America","Honduras","14.53","1347","2016"
"900","Americas","Central America","Mexico","51.61","63654","2016"
"901","Americas","Central America","Nicaragua",NA,NA,"2016"
"902","Americas","Central America","Panama","62.2","2511","2016"
"903","Americas","Northern America","Bermuda","73.02","46","2016"
"904","Americas","Northern America","Canada","146.80000000000001","53411","2016"
"905","Americas","Northern America","United States of America","248.59","803000","2016"
"906","Americas","South America","Argentina","328.64","142986","2016"
"907","Americas","South America","Bolivia (Plurinational State of)","73.5","8108","2016"
"908","Americas","South America","Brazil","291.48","600920","2016"
"909","Americas","South America","Chile","65.94","12007","2016"
"910","Americas","South America","Colombia","372.82","179607","2016"
"911","Americas","South America","Ecuador","44.34","7312","2016"
"912","Americas","South America","Guyana","149.68","1154","2016"
"913","Americas","South America","Paraguay","9.8000000000000007","664","2016"
"914","Americas","South America","Peru","73.47","22720","2016"
"915","Americas","South America","Suriname","70.09","396","2016"
"916","Americas","South America","Uruguay","16.62","569","2016"
"917","Asia","Central Asia","Kazakhstan",NA,NA,"2016"
"918","Asia","Central Asia","Kyrgyzstan","4.66","283","2016"
"919","Asia","Central Asia","Tajikistan",NA,NA,"2016"
"920","Asia","Central Asia","Turkmenistan",NA,NA,"2016"
"921","Asia","Central Asia","Uzbekistan","4.79","1505","2016"
"922","Asia","Eastern Asia","Hong Kong Special Administrative Region of China",NA,NA,"2016"
"923","Asia","Eastern Asia","Japan","19.07","24365","2016"
"924","Asia","Eastern Asia","Macao Special Administrative Region of China","279.45","1713","2016"
"925","Asia","Eastern Asia","Mongolia","61.91","1892","2016"
"926","Asia","Eastern Asia","Republic of Korea","98.13","50028","2016"
"927","Asia","South-Eastern Asia","Brunei Darussalam",NA,NA,"2016"
"928","Asia","South-Eastern Asia","Indonesia","5.53","14468","2016"
"929","Asia","South-Eastern Asia","Malaysia",NA,NA,"2016"
"930","Asia","South-Eastern Asia","Myanmar","8.7100000000000009","4619","2016"
"931","Asia","South-Eastern Asia","Singapore","8.6999999999999993","492","2016"
"932","Asia","South-Eastern Asia","Thailand",NA,NA,"2016"
"933","Asia","Southern Asia","Bangladesh",NA,NA,"2016"
"934","Asia","Southern Asia","Bhutan","54.27","400","2016"
"935","Asia","Southern Asia","India",NA,NA,"2016"
"936","Asia","Southern Asia","Maldives",NA,NA,"2016"
"937","Asia","Southern Asia","Nepal","0.24","66","2016"
"938","Asia","Southern Asia","Pakistan","14.58","29694","2016"
"939","Asia","Southern Asia","Sri Lanka","16.95","3563","2016"
"940","Asia","Western Asia","Armenia","6.34","186","2016"
"941","Asia","Western Asia","Azerbaijan","3.42","333","2016"
"942","Asia","Western Asia","Bahrain",NA,NA,"2016"
"943","Asia","Western Asia","Cyprus","12.39","145","2016"
"944","Asia","Western Asia","Georgia",NA,NA,"2016"
"945","Asia","Western Asia","Israel",NA,NA,"2016"
"946","Asia","Western Asia","Jordan",NA,NA,"2016"
"947","Asia","Western Asia","Kuwait",NA,NA,"2016"
"948","Asia","Western Asia","Lebanon","111.57","7491","2016"
"949","Asia","Western Asia","Oman","0.92","41","2016"
"950","Asia","Western Asia","Qatar",NA,NA,"2016"
"951","Asia","Western Asia","Saudi Arabia",NA,NA,"2016"
"952","Asia","Western Asia","State of Palestine",NA,NA,"2016"
"953","Asia","Western Asia","Syrian Arab Republic",NA,NA,"2016"
"954","Asia","Western Asia","Turkey","87.56","69896","2016"
"955","Asia","Western Asia","United Arab Emirates","3.72","348","2016"
"956","Asia","Western Asia","Yemen",NA,NA,"2016"
"957","Europe","Eastern Europe","Belarus",NA,NA,"2016"
"958","Europe","Eastern Europe","Bulgaria","34.54","2470","2016"
"959","Europe","Eastern Europe","Czech Republic","47.56","5050","2016"
"960","Europe","Eastern Europe","Hungary",NA,NA,"2016"
"961","Europe","Eastern Europe","Poland","20.059999999999999","7621","2016"
"962","Europe","Eastern Europe","Republic of Moldova",NA,NA,"2016"
"963","Europe","Eastern Europe","Romania","1.54","304","2016"
"964","Europe","Eastern Europe","Russian Federation","17.309999999999999","25153","2016"
"965","Europe","Eastern Europe","Slovakia","30.6","1665","2016"
"966","Europe","Eastern Europe","Ukraine",NA,NA,"2016"
"967","Europe","Northern Europe","Denmark","30.34","1733","2016"
"968","Europe","Northern Europe","Estonia",NA,NA,"2016"
"969","Europe","Northern Europe","Finland","28.96","1592","2016"
"970","Europe","Northern Europe","Iceland","22.29","74","2016"
"971","Europe","Northern Europe","Ireland","76.53","3594","2016"
"972","Europe","Northern Europe","Latvia","33.28","657","2016"
"973","Europe","Northern Europe","Lithuania","7.47","216","2016"
"974","Europe","Northern Europe","Norway","41.88","2199","2016"
"975","Europe","Northern Europe","Sweden","50.42","4959","2016"
"976","Europe","Southern Europe","Albania","4.09","118","2016"
"977","Europe","Southern Europe","Andorra",NA,NA,"2016"
"978","Europe","Southern Europe","Bosnia and Herzegovina","29.8","1009","2016"
"979","Europe","Southern Europe","Croatia","18.77","790","2016"
"980","Europe","Southern Europe","Greece","14.27","1515","2016"
"981","Europe","Southern Europe","Holy See",NA,NA,"2016"
"982","Europe","Southern Europe","Italy","105.53","64015","2016"
"983","Europe","Southern Europe","Malta",NA,NA,"2016"
"984","Europe","Southern Europe","Montenegro","20.41","128","2016"
"985","Europe","Southern Europe","North Macedonia","8.31","173","2016"
"986","Europe","Southern Europe","Portugal","5.05","521","2016"
"987","Europe","Southern Europe","Serbia","15.12","1339","2016"
"988","Europe","Southern Europe","Slovenia","71.89","1491","2016"
"989","Europe","Southern Europe","Spain","37.159999999999997","17331","2016"
"990","Europe","Western Europe","Austria","37.64","3292","2016"
"991","Europe","Western Europe","Belgium","614.44000000000005","69763","2016"
"992","Europe","Western Europe","France","375.63","242910","2016"
"993","Europe","Western Europe","Germany","170.37","140033","2016"
"994","Europe","Western Europe","Liechtenstein","186.84","71","2016"
"995","Europe","Western Europe","Luxembourg","98.27","569","2016"
"996","Europe","Western Europe","Monaco",NA,NA,"2016"
"997","Europe","Western Europe","Netherlands","29.56","5020","2016"
"998","Europe","Western Europe","Switzerland","6.84","573","2016"
"999","Oceania","Australia and New Zealand","Australia","292.57","70986","2016"
"1000","Oceania","Australia and New Zealand","New Zealand","509.94","23758","2016"
"1001","Oceania","Melanesia","Solomon Islands",NA,NA,"2016"
"1002","Africa","Eastern Africa","Burundi",NA,NA,"2017"
"1003","Africa","Eastern Africa","Kenya","31.8","15968","2017"
"1004","Africa","Eastern Africa","Madagascar",NA,NA,"2017"
"1005","Africa","Eastern Africa","Mauritius",NA,NA,"2017"
"1006","Africa","Eastern Africa","Mozambique",NA,NA,"2017"
"1007","Africa","Eastern Africa","Rwanda",NA,NA,"2017"
"1008","Africa","Eastern Africa","Uganda","13.92","5732","2017"
"1009","Africa","Eastern Africa","United Republic of Tanzania",NA,NA,"2017"
"1010","Africa","Eastern Africa","Zimbabwe",NA,NA,"2017"
"1011","Africa","Middle Africa","Cameroon","18.149999999999999","4458","2017"
"1012","Africa","Middle Africa","Sao Tome and Principe",NA,NA,"2017"
"1013","Africa","Northern Africa","Algeria",NA,NA,"2017"
"1014","Africa","Northern Africa","Egypt",NA,NA,"2017"
"1015","Africa","Northern Africa","Morocco","331.31","117883","2017"
"1016","Africa","Southern Africa","Botswana",NA,NA,"2017"
"1017","Africa","Southern Africa","Eswatini",NA,NA,"2017"
"1018","Africa","Southern Africa","Lesotho",NA,NA,"2017"
"1019","Africa","Southern Africa","South Africa","293.55","167352","2017"
"1020","Africa","Western Africa","Benin","47.74","5335","2017"
"1021","Africa","Western Africa","Cabo Verde",NA,NA,"2017"
"1022","Africa","Western Africa","Cote d'Ivoire",NA,NA,"2017"
"1023","Africa","Western Africa","Guinea",NA,NA,"2017"
"1024","Africa","Western Africa","Guinea-Bissau",NA,NA,"2017"
"1025","Africa","Western Africa","Nigeria",NA,NA,"2017"
"1026","Africa","Western Africa","Senegal",NA,NA,"2017"
"1027","Africa","Western Africa","Sierra Leone",NA,NA,"2017"
"1028","Americas","Caribbean","Bahamas","1008.9","3854","2017"
"1029","Americas","Caribbean","Barbados","502.45","1437","2017"
"1030","Americas","Caribbean","Dominica","88.73","63","2017"
"1031","Americas","Caribbean","Dominican Republic",NA,NA,"2017"
"1032","Americas","Caribbean","Grenada","337.84","375","2017"
"1033","Americas","Caribbean","Jamaica","98.73","2884","2017"
"1034","Americas","Caribbean","Puerto Rico","100.35","3175","2017"
"1035","Americas","Caribbean","St. Kitts and Nevis",NA,NA,"2017"
"1036","Americas","Caribbean","St. Vincent and the Grenadines",NA,NA,"2017"
"1037","Americas","Caribbean","Trinidad and Tobago",NA,NA,"2017"
"1038","Americas","Central America","Belize",NA,NA,"2017"
"1039","Americas","Central America","Costa Rica","155.44999999999999","7695","2017"
"1040","Americas","Central America","El Salvador","58.63","3745","2017"
"1041","Americas","Central America","Guatemala",NA,NA,"2017"
"1042","Americas","Central America","Honduras","21.77","2053","2017"
"1043","Americas","Central America","Mexico","43.97","54866","2017"
"1044","Americas","Central America","Nicaragua",NA,NA,"2017"
"1045","Americas","Central America","Panama","81.400000000000006","3343","2017"
"1046","Americas","Northern America","Bermuda","58.73","37","2017"
"1047","Americas","Northern America","Canada","150.81","55394","2017"
"1048","Americas","Northern America","United States of America","249.41","810800","2017"
"1049","Americas","South America","Argentina","323.45999999999998","142120","2017"
"1050","Americas","South America","Bolivia (Plurinational State of)",NA,NA,"2017"
"1051","Americas","South America","Brazil","284.79000000000002","591881","2017"
"1052","Americas","South America","Chile","59.39","10969","2017"
"1053","Americas","South America","Colombia","250.55","122545","2017"
"1054","Americas","South America","Ecuador","38.86","6522","2017"
"1055","Americas","South America","Guyana","271.23","2102","2017"
"1056","Americas","South America","Paraguay","3.12","214","2017"
"1057","Americas","South America","Peru","82.78","26028","2017"
"1058","Americas","South America","Suriname","63.16","360","2017"
"1059","Americas","South America","Uruguay","12.48","429","2017"
"1060","Asia","Central Asia","Kazakhstan","11.34","2050","2017"
"1061","Asia","Central Asia","Kyrgyzstan",NA,NA,"2017"
"1062","Asia","Central Asia","Tajikistan",NA,NA,"2017"
"1063","Asia","Central Asia","Turkmenistan",NA,NA,"2017"
"1064","Asia","Central Asia","Uzbekistan","4.37","1397","2017"
"1065","Asia","Eastern Asia","Hong Kong Special Administrative Region of China",NA,NA,"2017"
"1066","Asia","Eastern Asia","Japan",NA,NA,"2017"
"1067","Asia","Eastern Asia","Macao Special Administrative Region of China","279.77999999999997","1743","2017"
"1068","Asia","Eastern Asia","Mongolia","12.78","398","2017"
"1069","Asia","Eastern Asia","Republic of Korea","87.31","44611","2017"
"1070","Asia","South-Eastern Asia","Brunei Darussalam",NA,NA,"2017"
"1071","Asia","South-Eastern Asia","Indonesia","4.6900000000000004","12405","2017"
"1072","Asia","South-Eastern Asia","Malaysia",NA,NA,"2017"
"1073","Asia","South-Eastern Asia","Myanmar",NA,NA,"2017"
"1074","Asia","South-Eastern Asia","Singapore","7.36","420","2017"
"1075","Asia","South-Eastern Asia","Thailand",NA,NA,"2017"
"1076","Asia","Southern Asia","Bangladesh",NA,NA,"2017"
"1077","Asia","Southern Asia","Bhutan","131.37","980","2017"
"1078","Asia","Southern Asia","India",NA,NA,"2017"
"1079","Asia","Southern Asia","Maldives",NA,NA,"2017"
"1080","Asia","Southern Asia","Nepal",NA,NA,"2017"
"1081","Asia","Southern Asia","Pakistan","13.13","27306","2017"
"1082","Asia","Southern Asia","Sri Lanka",NA,NA,"2017"
"1083","Asia","Western Asia","Armenia","6.15","181","2017"
"1084","Asia","Western Asia","Azerbaijan","3.75","369","2017"
"1085","Asia","Western Asia","Bahrain",NA,NA,"2017"
"1086","Asia","Western Asia","Cyprus","12.2","144","2017"
"1087","Asia","Western Asia","Georgia",NA,NA,"2017"
"1088","Asia","Western Asia","Israel",NA,NA,"2017"
"1089","Asia","Western Asia","Jordan",NA,NA,"2017"
"1090","Asia","Western Asia","Kuwait",NA,NA,"2017"
"1091","Asia","Western Asia","Lebanon",NA,NA,"2017"
"1092","Asia","Western Asia","Oman","1.37","64","2017"
"1093","Asia","Western Asia","Qatar",NA,NA,"2017"
"1094","Asia","Western Asia","Saudi Arabia","5.57","1845","2017"
"1095","Asia","Western Asia","State of Palestine",NA,NA,"2017"
"1096","Asia","Western Asia","Syrian Arab Republic",NA,NA,"2017"
"1097","Asia","Western Asia","Turkey",NA,NA,"2017"
"1098","Asia","Western Asia","United Arab Emirates","2.35","223","2017"
"1099","Asia","Western Asia","Yemen",NA,NA,"2017"
"1100","Europe","Eastern Europe","Belarus",NA,NA,"2017"
"1101","Europe","Eastern Europe","Bulgaria","39.58","2811","2017"
"1102","Europe","Eastern Europe","Czech Republic","44.8","4767","2017"
"1103","Europe","Eastern Europe","Hungary",NA,NA,"2017"
"1104","Europe","Eastern Europe","Poland","19.239999999999998","7304","2017"
"1105","Europe","Eastern Europe","Republic of Moldova",NA,NA,"2017"
"1106","Europe","Eastern Europe","Romania","1.38","272","2017"
"1107","Europe","Eastern Europe","Russian Federation","15.96","23223","2017"
"1108","Europe","Eastern Europe","Slovakia","30.14","1642","2017"
"1109","Europe","Eastern Europe","Ukraine","3.63","1615","2017"
"1110","Europe","Northern Europe","Denmark","33.22","1904","2017"
"1111","Europe","Northern Europe","Estonia","5.76","76","2017"
"1112","Europe","Northern Europe","Finland","28.69","1581","2017"
"1113","Europe","Northern Europe","Iceland","30.84","103","2017"
"1114","Europe","Northern Europe","Ireland","85.15","4047","2017"
"1115","Europe","Northern Europe","Latvia","33.68","657","2017"
"1116","Europe","Northern Europe","Lithuania","6.26","178","2017"
"1117","Europe","Northern Europe","Norway","39.880000000000003","2112","2017"
"1118","Europe","Northern Europe","Sweden","47.3","4685","2017"
"1119","Europe","Southern Europe","Albania","4.33","125","2017"
"1120","Europe","Southern Europe","Andorra",NA,NA,"2017"
"1121","Europe","Southern Europe","Bosnia and Herzegovina","22.43","752","2017"
"1122","Europe","Southern Europe","Croatia","19.079999999999998","798","2017"
"1123","Europe","Southern Europe","Greece","14.29","1510","2017"
"1124","Europe","Southern Europe","Holy See",NA,NA,"2017"
"1125","Europe","Southern Europe","Italy","108.41","65775","2017"
"1126","Europe","Southern Europe","Malta",NA,NA,"2017"
"1127","Europe","Southern Europe","Montenegro","23.41","147","2017"
"1128","Europe","Southern Europe","North Macedonia","7.11","148","2017"
"1129","Europe","Southern Europe","Portugal","5.68","584","2017"
"1130","Europe","Southern Europe","Serbia","14.54","1284","2017"
"1131","Europe","Southern Europe","Slovenia","67.34","1398","2017"
"1132","Europe","Southern Europe","Spain","38.78","18089","2017"
"1133","Europe","Western Europe","Austria",NA,NA,"2017"
"1134","Europe","Western Europe","Belgium","607.38","69363","2017"
"1135","Europe","Western Europe","France",NA,NA,"2017"
"1136","Europe","Western Europe","Germany","165.81","137058","2017"
"1137","Europe","Western Europe","Liechtenstein",NA,NA,"2017"
"1138","Europe","Western Europe","Luxembourg","98.82","585","2017"
"1139","Europe","Western Europe","Monaco",NA,NA,"2017"
"1140","Europe","Western Europe","Netherlands","28.14","4789","2017"
"1141","Europe","Western Europe","Switzerland","6.93","586","2017"
"1142","Oceania","Australia and New Zealand","Australia","296.77999999999997","72964","2017"
"1143","Oceania","Australia and New Zealand","New Zealand","521.63","24527","2017"
"1144","Oceania","Melanesia","Solomon Islands",NA,NA,"2017"
